canonical,y_class,construction_class,object_definition_match,box_extent_match,annotation_context_match,final_status,notes
person,Persons,Person,YES,YES,YES,ACCEPT_WITH_NORMALIZATION,"Same whole-person target. Y-PPE contains a small minority of polygon rows; convert polygon annotations to enclosing axis-aligned boxes for the shared detection benchmark."
helmet,Hard Hat,helmet,YES,YES,YES,ACCEPT_WITH_NORMALIZATION,"Both localize protective headwear itself. Geometry and person-containment evidence are comparable. Convert Y-PPE polygon rows to enclosing boxes."
gloves,Gloves,gloves,YES,YES,PARTIAL,ACCEPT_WITH_NORMALIZATION,"Same glove object and item-level localization. Y-PPE includes more standalone/product-style examples, while Construction-PPE is more often person-associated; treat this as domain-composition shift, not a class mismatch. Convert Y-PPE polygon rows to enclosing boxes."
vest,Safety Vests,vest,YES,YES,YES,ACCEPT_WITH_NORMALIZATION,"Same worn high-visibility/safety vest region. Comparable item-level localization. Convert Y-PPE polygon rows to enclosing boxes."
boots,Safety Boots,boots,YES,YES,YES,ACCEPT_WITH_NORMALIZATION,"Both datasets visually use work/protective boot regions. Construction-PPE label name is broader ('boots'), so manuscript wording should use canonical 'boots' and avoid claiming certified safety footwear. Convert Y-PPE polygon rows to enclosing boxes."
goggles,Goggles,goggles,YES,YES,PARTIAL,ACCEPT_WITH_NORMALIZATION,"Both localize protective eyewear/eye-region equipment; Y-PPE includes broader goggle/safety-glass styles and some standalone product examples, while Construction-PPE is narrower/worn. Treat subtype/context variation as domain shift. Convert Y-PPE polygon rows to enclosing boxes."
no_helmet,No Hard Hat,no_helmet,YES,YES,PARTIAL,ACCEPT_WITH_NORMALIZATION,"Both localize an uncovered head/head region rather than a whole person. Use semantic definition 'PPE-negative head state' rather than automatically inferring a normative safety violation. Convert the rare Y-PPE polygon row to an enclosing box."
no_gloves,No Gloves,no_gloves,YES,YES,PARTIAL,ACCEPT,"Both localize bare/unprotected hand regions. Generic non-work images exist, especially in Construction-PPE, so define this as a visual PPE-negative hand state; do not equate every label with a context-validated safety violation."
no_boots,No Safety Boots,no_boots,YES,YES,PARTIAL,ACCEPT_WITH_NORMALIZATION,"Both localize non-boot/non-safety-footwear or exposed-foot regions. Generic non-work examples occur; define as a visual PPE-negative footwear state. Convert the rare Y-PPE polygon row to an enclosing box."
