dataset,split,class,instances
Y-PPE-h9-v2,train,person,1298
Y-PPE-h9-v2,train,helmet,1227
Y-PPE-h9-v2,train,gloves,821
Y-PPE-h9-v2,train,vest,822
Y-PPE-h9-v2,train,boots,941
Y-PPE-h9-v2,train,goggles,531
Y-PPE-h9-v2,train,no_helmet,113
Y-PPE-h9-v2,train,no_gloves,677
Y-PPE-h9-v2,train,no_boots,226
Y-PPE-h9-v2,val,person,383
Y-PPE-h9-v2,val,helmet,362
Y-PPE-h9-v2,val,gloves,265
Y-PPE-h9-v2,val,vest,271
Y-PPE-h9-v2,val,boots,310
Y-PPE-h9-v2,val,goggles,186
Y-PPE-h9-v2,val,no_helmet,40
Y-PPE-h9-v2,val,no_gloves,251
Y-PPE-h9-v2,val,no_boots,54
Y-PPE-h9-v2,test,person,121
Y-PPE-h9-v2,test,helmet,109
Y-PPE-h9-v2,test,gloves,84
Y-PPE-h9-v2,test,vest,80
Y-PPE-h9-v2,test,boots,78
Y-PPE-h9-v2,test,goggles,89
Y-PPE-h9-v2,test,no_helmet,14
Y-PPE-h9-v2,test,no_gloves,88
Y-PPE-h9-v2,test,no_boots,30
Construction-PPE-h9-v2,train,person,1610
Construction-PPE-h9-v2,train,helmet,1234
Construction-PPE-h9-v2,train,gloves,1050
Construction-PPE-h9-v2,train,vest,1179
Construction-PPE-h9-v2,train,boots,1142
Construction-PPE-h9-v2,train,goggles,393
Construction-PPE-h9-v2,train,no_helmet,352
Construction-PPE-h9-v2,train,no_gloves,403
Construction-PPE-h9-v2,train,no_boots,74
Construction-PPE-h9-v2,val,person,228
Construction-PPE-h9-v2,val,helmet,191
Construction-PPE-h9-v2,val,gloves,118
Construction-PPE-h9-v2,val,vest,159
Construction-PPE-h9-v2,val,boots,137
Construction-PPE-h9-v2,val,goggles,40
Construction-PPE-h9-v2,val,no_helmet,43
Construction-PPE-h9-v2,val,no_gloves,51
Construction-PPE-h9-v2,val,no_boots,4
Construction-PPE-h9-v2,test,person,224
Construction-PPE-h9-v2,test,helmet,188
Construction-PPE-h9-v2,test,gloves,163
Construction-PPE-h9-v2,test,vest,175
Construction-PPE-h9-v2,test,boots,201
Construction-PPE-h9-v2,test,goggles,52
Construction-PPE-h9-v2,test,no_helmet,37
Construction-PPE-h9-v2,test,no_gloves,51
Construction-PPE-h9-v2,test,no_boots,15
