dataset,class,stage4_count,final_v2_count,absolute_change,relative_change_pct
Y-PPE,person,2351,1802,-549,-23.4
Y-PPE,helmet,1959,1698,-261,-13.3
Y-PPE,gloves,1310,1170,-140,-10.7
Y-PPE,vest,1391,1173,-218,-15.7
Y-PPE,boots,1608,1329,-279,-17.4
Y-PPE,goggles,826,806,-20,-2.4
Y-PPE,no_helmet,256,167,-89,-34.8
Y-PPE,no_gloves,1373,1016,-357,-26.0
Y-PPE,no_boots,544,310,-234,-43.0
Construction-PPE,person,2180,2062,-118,-5.4
Construction-PPE,helmet,1671,1613,-58,-3.5
Construction-PPE,gloves,1339,1331,-8,-0.6
Construction-PPE,vest,1553,1513,-40,-2.6
Construction-PPE,boots,1518,1480,-38,-2.5
Construction-PPE,goggles,487,485,-2,-0.4
Construction-PPE,no_helmet,485,432,-53,-10.9
Construction-PPE,no_gloves,556,505,-51,-9.2
Construction-PPE,no_boots,115,93,-22,-19.1
